<?xml version="1.0" encoding="UTF-8"?>
<beans xmlns="http://www.springframework.org/schema/beans"
   xmlns:xsi="http://www.w3.org/2001/XMLSchema-instance"
   xmlns:context="http://www.springframework.org/schema/context"
   xsi:schemaLocation="http://www.springframework.org/schema/beans
   http://www.springframework.org/schema/beans/spring-beans-3.0.xsd
   http://www.springframework.org/schema/context
   http://www.springframework.org/schema/context/spring-context-3.0.xsd">
  <context:annotation-config/>  
 
  <bean id="employee" class="com.autowired.Employee">
     <property name="empID" value="102"/>
     <property name="name" value="Rohit"/>
     <property name="dept" value="Technology"/>
         
  </bean>
  <!-- Definition for spellChecker bean -->
  <bean id="department" class="com.autowired.Department">
   </bean>
</beans>